# of Channels,# of LRUs,# of Rules,Setup Time (seconds),Alert/Log Time on 1 word (seconds)
36,2,1,0.018948793411254883,0.000997781753540039
36,2,2,0.01795220375061035,0.000997304916381836
36,2,3,0.02145695686340332,0.000997781753540039
36,2,4,0.019947052001953125,0.0009968280792236328
